INDEX,YEAR,MONTH,DAY-OF-WEEK,DAY-OF-MONTH,DAY-OF-YEAR,AGE-OF-RECORD,IS-WEEKEND-DAY,BANK-HOLIDAY,CPI-INDEX,WEATHER-SUMMARY,WEATHER-HUMIDITY,WEATHER-TEMPERATURE-HIGH,WEATHER-TEMPERATURE-LOW,FUEL-INDEX,UNEMPLOYMENT-INDEX,FOOD-SALES,LIQUOR-SALES
2016-07-19,2016,07,Tue,19,200,1468886400,0,no-bh,100.9,clear-day,0.63,31.42,21.88,322,5,0,0
2016-07-20,2016,07,Wed,20,201,1468972800,0,no-bh,100.9,wind,0.65,28.83,14.16,322,5,10.79,0
2016-07-21,2016,07,Thu,21,202,1469059200,0,no-bh,100.9,partly-cloudy-day,0.69,23.85,17.36,322,5,11.58,4.13
2016-07-23,2016,07,Sat,23,204,1469232000,1,no-bh,100.9,clear-day,0.69,26.83,14.52,322,5,0,0
2016-07-24,2016,07,Sun,24,205,1469318400,1,no-bh,100.9,partly-cloudy-day,0.76,23.19,14.28,322,5,1386.21,669.42
2016-07-26,2016,07,Tue,26,207,1469491200,0,no-bh,100.9,partly-cloudy-day,0.7,21.11,16.71,322,5,743.47,1108
2016-07-27,2016,07,Wed,27,208,1469577600,0,no-bh,100.9,partly-cloudy-day,0.79,23.11,14.21,322,5,0,24.96
2016-07-28,2016,07,Thu,28,209,1469664000,0,no-bh,100.9,partly-cloudy-day,0.74,20.99,16.1,322,5,1994.47,817.63
2016-07-29,2016,07,Fri,29,210,1469750400,1,no-bh,100.9,partly-cloudy-day,0.8,21.17,15.41,322,5,1362.38,4679.75
2016-07-30,2016,07,Sat,30,211,1469836800,1,no-bh,100.9,partly-cloudy-day,0.71,21.03,13.08,322,5,749.58,2569.87
2016-07-31,2016,07,Sun,31,212,1469923200,1,no-bh,100.9,partly-cloudy-day,0.62,20.76,12.19,322,5,654.75,903.88
2016-08-01,2016,08,Mon,01,213,1470009600,0,no-bh,101.2,partly-cloudy-day,0.76,17.98,13.87,321.7,4.8,346.17,459.54
2016-08-02,2016,08,Tue,02,214,1470096000,0,no-bh,101.2,cloudy,0.93,20.45,18.21,321.7,4.8,430.67,900.71
2016-08-03,2016,08,Wed,03,215,1470182400,0,no-bh,101.2,wind,0.75,22.22,14.97,321.7,4.8,383.13,948.92
2016-08-04,2016,08,Thu,04,216,1470268800,0,no-bh,101.2,partly-cloudy-day,0.71,20.8,12.7,321.7,4.8,662.79,1496.46
2016-08-05,2016,08,Fri,05,217,1470355200,1,no-bh,101.2,partly-cloudy-day,0.71,22.67,12.66,321.7,4.8,1380.04,6714
2016-08-06,2016,08,Sat,06,218,1470441600,1,no-bh,101.2,clear-day,0.67,24.59,17.11,321.7,4.8,746.33,1002.58
2016-08-07,2016,08,Sun,07,219,1470528000,1,no-bh,101.2,wind,0.73,24.59,14.6,321.7,4.8,474.67,936.38
2016-08-08,2016,08,Mon,08,220,1470614400,0,no-bh,101.2,partly-cloudy-day,0.61,19.91,10.36,321.7,4.8,271.88,769.5
2016-08-09,2016,08,Tue,09,221,1470700800,0,no-bh,101.2,partly-cloudy-day,0.6,18.88,10.38,321.7,4.8,697.79,1027.88
2016-08-10,2016,08,Wed,10,222,1470787200,0,no-bh,101.2,partly-cloudy-day,0.65,19.08,14.36,321.7,4.8,529.79,998.54
2016-08-11,2016,08,Thu,11,223,1470873600,0,no-bh,101.2,partly-cloudy-day,0.72,21.94,13.99,321.7,4.8,513.92,1949.79
2016-08-12,2016,08,Fri,12,224,1470960000,1,no-bh,101.2,partly-cloudy-day,0.7,25.79,14.44,321.7,4.8,713.25,2448.25
2016-08-13,2016,08,Sat,13,225,1471046400,1,no-bh,101.2,partly-cloudy-day,0.7,23.84,15.06,321.7,4.8,578.38,1063.42
2016-08-14,2016,08,Sun,14,226,1471132800,1,no-bh,101.2,partly-cloudy-day,0.59,21.8,11.17,321.7,4.8,506.42,716.5
2016-08-15,2016,08,Mon,15,227,1471219200,0,no-bh,101.2,partly-cloudy-day,0.69,22.68,11.29,321.7,4.8,442.92,832.25
2016-08-16,2016,08,Tue,16,228,1471305600,0,no-bh,101.2,partly-cloudy-day,0.72,22.89,12.14,321.7,4.8,316.13,445.46
2016-08-17,2016,08,Wed,17,229,1471392000,0,no-bh,101.2,partly-cloudy-day,0.69,24.67,14.81,321.7,4.8,411.67,797.25
2016-08-18,2016,08,Thu,18,230,1471478400,0,no-bh,101.2,partly-cloudy-day,0.73,23.62,16.24,321.7,4.8,535.88,804.33
2016-08-19,2016,08,Fri,19,231,1471564800,1,no-bh,101.2,partly-cloudy-day,0.89,18.2,14.79,321.7,4.8,803.08,2630.21
2016-08-20,2016,08,Sat,20,232,1471651200,1,no-bh,101.2,wind,0.78,19.5,15.01,321.7,4.8,787.46,3237.96
2016-08-21,2016,08,Sun,21,233,1471737600,1,no-bh,101.2,wind,0.77,21.16,16.06,321.7,4.8,600.46,1187.63
2016-08-22,2016,08,Mon,22,234,1471824000,0,no-bh,101.2,partly-cloudy-day,0.77,23.56,13.51,321.7,4.8,629.58,729.04
2016-08-23,2016,08,Tue,23,235,1471910400,0,no-bh,101.2,clear-day,0.67,28.92,17.51,321.7,4.8,281.38,726.83
2016-08-24,2016,08,Wed,24,236,1471996800,0,no-bh,101.2,partly-cloudy-night,0.67,31.58,18.69,321.7,4.8,629.63,1873.29
2016-08-25,2016,08,Thu,25,237,1472083200,0,no-bh,101.2,partly-cloudy-day,0.75,26.62,17.88,321.7,4.8,719,1523.75
2016-08-26,2016,08,Fri,26,238,1472169600,1,no-bh,101.2,partly-cloudy-night,0.65,26.07,15.22,321.7,4.8,572.67,1470.04
2016-08-27,2016,08,Sat,27,239,1472256000,1,no-bh,101.2,partly-cloudy-day,0.73,24.61,16.56,321.7,4.8,492.58,1178.75
2016-08-28,2016,08,Sun,28,240,1472342400,1,no-bh,101.2,partly-cloudy-day,0.84,19.99,15.2,321.7,4.8,641.04,1164.83
2016-08-29,2016,08,Mon,29,241,1472428800,0,bh,101.2,partly-cloudy-day,0.72,22.62,11.68,321.7,4.8,263.29,629.79
2016-08-30,2016,08,Tue,30,242,1472515200,0,no-bh,101.2,clear-day,0.66,25.29,12.18,321.7,4.8,373.17,581.63
2016-08-31,2016,08,Wed,31,243,1472601600,0,no-bh,101.2,partly-cloudy-day,0.75,22.38,12.12,321.7,4.8,393.92,812.75
2016-09-01,2016,09,Thu,01,244,1472688000,0,no-bh,101.5,partly-cloudy-day,0.71,23.21,14.07,322.4,4.8,849,1550.96
2016-09-02,2016,09,Fri,02,245,1472774400,1,no-bh,101.5,partly-cloudy-day,0.85,19.46,11.79,322.4,4.8,999.83,2464.46
2016-09-03,2016,09,Sat,03,246,1472860800,1,no-bh,101.5,partly-cloudy-day,0.85,19.71,15.59,322.4,4.8,713.46,993.33
2016-09-04,2016,09,Sun,04,247,1472947200,1,no-bh,101.5,partly-cloudy-day,0.78,19.43,14.21,322.4,4.8,794.29,879.13
2016-09-05,2016,09,Mon,05,248,1473033600,0,no-bh,101.5,partly-cloudy-day,0.9,21.74,19.59,322.4,4.8,375.5,849
2016-09-06,2016,09,Tue,06,249,1473120000,0,no-bh,101.5,partly-cloudy-day,0.85,22.83,18.07,322.4,4.8,485.38,934.5
2016-09-07,2016,09,Wed,07,250,1473206400,0,no-bh,101.5,partly-cloudy-day,0.74,26.61,15.48,322.4,4.8,602.71,1566.88
2016-09-08,2016,09,Thu,08,251,1473292800,0,no-bh,101.5,partly-cloudy-day,0.69,22.32,14.84,322.4,4.8,368.33,816.58
2016-09-09,2016,09,Fri,09,252,1473379200,1,no-bh,101.5,partly-cloudy-day,0.79,21.61,17.75,322.4,4.8,664.88,2530.71
2016-09-10,2016,09,Sat,10,253,1473465600,1,no-bh,101.5,partly-cloudy-day,0.89,19.26,9.01,322.4,4.8,588.96,5035.83
2016-09-11,2016,09,Sun,11,254,1473552000,1,no-bh,101.5,partly-cloudy-day,0.73,20.93,11.53,322.4,4.8,472.67,852.25
2016-09-12,2016,09,Mon,12,255,1473638400,0,no-bh,101.5,partly-cloudy-day,0.76,24.01,16.11,322.4,4.8,233.17,437.58
2016-09-13,2016,09,Tue,13,256,1473724800,0,no-bh,101.5,partly-cloudy-day,0.68,30.42,19,322.4,4.8,431.75,1699.92
2016-09-14,2016,09,Wed,14,257,1473811200,0,no-bh,101.5,clear-day,0.7,26.16,15.95,322.4,4.8,473.75,840.42
2016-09-15,2016,09,Thu,15,258,1473897600,0,no-bh,101.5,partly-cloudy-night,0.77,27.14,16.29,322.4,4.8,548.33,1638.46
2016-09-16,2016,09,Fri,16,259,1473984000,1,no-bh,101.5,partly-cloudy-day,0.85,16.99,12.96,322.4,4.8,675.46,2846.25
2016-09-17,2016,09,Sat,17,260,1474070400,1,no-bh,101.5,cloudy,0.84,15.31,14.01,322.4,4.8,405.17,802.92
2016-09-18,2016,09,Sun,18,261,1474156800,1,no-bh,101.5,partly-cloudy-day,0.82,18.68,13.8,322.4,4.8,720.25,1160.13
2016-09-19,2016,09,Mon,19,262,1474243200,0,no-bh,101.5,partly-cloudy-day,0.82,18.72,14.49,322.4,4.8,240.71,508.33
2016-09-20,2016,09,Tue,20,263,1474329600,0,no-bh,101.5,partly-cloudy-day,0.85,17.74,13.76,322.4,4.8,481.08,1075.79
2016-09-21,2016,09,Wed,21,264,1474416000,0,no-bh,101.5,partly-cloudy-night,0.78,21.12,13.59,322.4,4.8,524.13,2352.62
2016-09-22,2016,09,Thu,22,265,1474502400,0,no-bh,101.5,partly-cloudy-day,0.8,19.01,8.58,322.4,4.8,979.54,2372.71
2016-09-23,2016,09,Fri,23,266,1474588800,1,no-bh,101.5,partly-cloudy-day,0.68,18.91,10.8,322.4,4.8,715.04,3418.79
2016-09-24,2016,09,Sat,24,267,1474675200,1,no-bh,101.5,partly-cloudy-day,0.7,21.75,14.98,322.4,4.8,928.04,2778.29
2016-09-25,2016,09,Sun,25,268,1474761600,1,no-bh,101.5,partly-cloudy-day,0.7,18.47,10.03,322.4,4.8,816.04,919.71
2016-09-26,2016,09,Mon,26,269,1474848000,0,no-bh,101.5,partly-cloudy-day,0.8,17.56,10.52,322.4,4.8,491.63,569.71
2016-09-27,2016,09,Tue,27,270,1474934400,0,no-bh,101.5,partly-cloudy-day,0.86,18.44,12.25,322.4,4.8,353.46,748.25
2016-09-28,2016,09,Wed,28,271,1475020800,0,no-bh,101.5,partly-cloudy-day,0.83,21.34,16.34,322.4,4.8,1079.71,2060.33
2016-09-29,2016,09,Thu,29,272,1475107200,0,no-bh,101.5,partly-cloudy-day,0.78,18.65,10.51,322.4,4.8,781.83,2091.87
2016-09-30,2016,09,Fri,30,273,1475193600,1,no-bh,101.5,partly-cloudy-day,0.75,17.7,9.59,322.4,4.8,750.97,2515.12
2016-10-01,2016,10,Sat,01,274,1475280000,1,no-bh,101.6,partly-cloudy-day,0.89,14.65,9.17,324.9,4.8,1035.29,3221.71
2016-10-02,2016,10,Sun,02,275,1475366400,1,no-bh,101.6,partly-cloudy-day,0.79,16.21,5,324.9,4.8,1017.88,1600.79
2016-10-03,2016,10,Mon,03,276,1475452800,0,no-bh,101.6,partly-cloudy-day,0.76,17.49,9.94,324.9,4.8,392.63,559.04
2016-10-04,2016,10,Tue,04,277,1475539200,0,no-bh,101.6,partly-cloudy-day,0.81,17.49,11.36,324.9,4.8,403.33,645.46
2016-10-05,2016,10,Wed,05,278,1475625600,0,no-bh,101.6,wind,0.68,16.07,8.04,324.9,4.8,552.04,1085.42
2016-10-06,2016,10,Thu,06,279,1475712000,0,no-bh,101.6,partly-cloudy-day,0.66,14.39,10.92,324.9,4.8,802.67,1481.67
2016-10-07,2016,10,Fri,07,280,1475798400,1,no-bh,101.6,partly-cloudy-day,0.79,14.13,11.81,324.9,4.8,846.25,3755.67
2016-10-08,2016,10,Sat,08,281,1475884800,1,no-bh,101.6,partly-cloudy-day,0.83,15.14,8.06,324.9,4.8,681.29,1924.87
2016-10-09,2016,10,Sun,09,282,1475971200,1,no-bh,101.6,partly-cloudy-day,0.78,14.42,6.06,324.9,4.8,607.46,667.63
2016-10-10,2016,10,Mon,10,283,1476057600,0,no-bh,101.6,partly-cloudy-day,0.8,13.15,5.3,324.9,4.8,615.88,712.21
2016-10-11,2016,10,Tue,11,284,1476144000,0,no-bh,101.6,partly-cloudy-day,0.81,14.63,9.04,324.9,4.8,517.38,841.58
2016-10-12,2016,10,Wed,12,285,1476230400,0,no-bh,101.6,partly-cloudy-day,0.82,14.26,8.06,324.9,4.8,694.5,1345.46
2016-10-13,2016,10,Thu,13,286,1476316800,0,no-bh,101.6,partly-cloudy-day,0.81,12.68,8.41,324.9,4.8,571.96,1280.83
2016-10-14,2016,10,Fri,14,287,1476403200,1,no-bh,101.6,partly-cloudy-day,0.78,13.56,9.14,324.9,4.8,860.25,3312.5
2016-10-15,2016,10,Sat,15,288,1476489600,1,no-bh,101.6,partly-cloudy-day,0.85,16.37,8.29,324.9,4.8,918.38,1964.33
2016-10-16,2016,10,Sun,16,289,1476576000,1,no-bh,101.6,partly-cloudy-day,0.89,16.69,10.39,324.9,4.8,609.63,824.63
2016-10-17,2016,10,Mon,17,290,1476662400,0,no-bh,101.6,partly-cloudy-day,0.85,16.24,9.2,324.9,4.8,584.54,730.13
2016-10-18,2016,10,Tue,18,291,1476748800,0,no-bh,101.6,partly-cloudy-day,0.76,12.87,8.52,324.9,4.8,726.58,2662.92
2016-10-19,2016,10,Wed,19,292,1476835200,0,no-bh,101.6,partly-cloudy-day,0.76,12.78,8.47,324.9,4.8,573,1069.71
2016-10-20,2016,10,Thu,20,293,1476921600,0,no-bh,101.6,partly-cloudy-day,0.82,13.72,8.44,324.9,4.8,809.79,2052.25
2016-10-21,2016,10,Fri,21,294,1477008000,1,no-bh,101.6,partly-cloudy-day,0.84,12.57,6.89,324.9,4.8,924.08,5055.54
2016-10-22,2016,10,Sat,22,295,1477094400,1,no-bh,101.6,partly-cloudy-day,0.85,12.92,5.73,324.9,4.8,1132.08,2128.33
2016-10-23,2016,10,Sun,23,296,1477180800,1,no-bh,101.6,partly-cloudy-day,0.83,12.63,9.16,324.9,4.8,1265.46,1576.83
2016-10-24,2016,10,Mon,24,297,1477267200,0,no-bh,101.6,partly-cloudy-day,0.79,12.86,9.24,324.9,4.8,269.46,745.37
2016-10-25,2016,10,Tue,25,298,1477353600,0,no-bh,101.6,fog,0.86,13.57,9.46,324.9,4.8,457.92,844.54
2016-10-26,2016,10,Wed,26,299,1477440000,0,no-bh,101.6,fog,0.9,14.99,9.23,324.9,4.8,604.42,907.17
2016-10-27,2016,10,Thu,27,300,1477526400,0,no-bh,101.6,fog,0.88,14.51,10.83,324.9,4.8,637.71,3050.58
2016-10-28,2016,10,Fri,28,301,1477612800,1,no-bh,101.6,partly-cloudy-night,0.82,15.91,12.78,324.9,4.8,1325.42,5263.92
2016-10-29,2016,10,Sat,29,302,1477699200,1,no-bh,101.6,fog,0.91,14.88,8.98,324.9,4.8,893.96,5035.5
2016-10-30,2016,10,Sun,30,303,1477785600,1,no-bh,101.6,fog,0.97,12.19,9.66,324.9,4.8,897.04,795.67
2016-10-31,2016,10,Mon,31,304,1477872000,0,no-bh,101.6,fog,0.89,18.07,7.01,324.9,4.8,811.58,885.38
2016-11-01,2016,11,Tue,01,305,1477958400,0,no-bh,101.8,fog,0.92,11.93,3.31,324.2,4.8,615.58,962.42
2016-11-02,2016,11,Wed,02,306,1478044800,0,no-bh,101.8,partly-cloudy-night,0.79,10.14,1.34,324.2,4.8,483.42,1030.79
2016-11-03,2016,11,Thu,03,307,1478131200,0,no-bh,101.8,partly-cloudy-day,0.82,10.89,7.06,324.2,4.8,647.29,1859.63
2016-11-04,2016,11,Fri,04,308,1478217600,1,no-bh,101.8,partly-cloudy-day,0.89,10.51,2.09,324.2,4.8,1267.46,4471.04
2016-11-05,2016,11,Sat,05,309,1478304000,1,no-bh,101.8,partly-cloudy-day,0.82,8.44,1.59,324.2,4.8,1113.79,2946.17
2016-11-06,2016,11,Sun,06,310,1478390400,1,no-bh,101.8,partly-cloudy-night,0.79,6.95,4.81,324.2,4.8,1254.5,938.29
2016-11-07,2016,11,Mon,07,311,1478476800,0,no-bh,101.8,partly-cloudy-night,0.8,7.94,0.01,324.2,4.8,459.5,829.08
2016-11-08,2016,11,Tue,08,312,1478563200,0,no-bh,101.8,partly-cloudy-night,0.84,5.54,3.79,324.2,4.8,756.5,724
2016-11-09,2016,11,Wed,09,313,1478649600,0,no-bh,101.8,partly-cloudy-day,0.91,8.26,3.86,324.2,4.8,603.5,1121.29
2016-11-10,2016,11,Thu,10,314,1478736000,0,no-bh,101.8,partly-cloudy-day,0.86,10.46,3.86,324.2,4.8,711,1769.58
2016-11-11,2016,11,Fri,11,315,1478822400,1,no-bh,101.8,partly-cloudy-day,0.86,5.94,5.11,324.2,4.8,1356.33,4219.21
2016-11-12,2016,11,Sat,12,316,1478908800,1,no-bh,101.8,fog,0.92,9.85,5.88,324.2,4.8,1035.5,2720.67
2016-11-13,2016,11,Sun,13,317,1478995200,1,no-bh,101.8,partly-cloudy-day,0.88,10.12,4.58,324.2,4.8,1549.46,1273.83
2016-11-14,2016,11,Mon,14,318,1479081600,0,no-bh,101.8,partly-cloudy-night,0.92,12.07,12.14,324.2,4.8,496.17,677.08
2016-11-15,2016,11,Tue,15,319,1479168000,0,no-bh,101.8,cloudy,0.93,15.29,12.12,324.2,4.8,721.26,1116.58
2016-11-16,2016,11,Wed,16,320,1479254400,0,no-bh,101.8,partly-cloudy-day,0.86,12.84,6.9,324.2,4.8,629,1307.96
2016-11-17,2016,11,Thu,17,321,1479340800,0,no-bh,101.8,wind,0.8,12.09,3.25,324.2,4.8,694.83,3566.29
2016-11-18,2016,11,Fri,18,322,1479427200,1,no-bh,101.8,partly-cloudy-day,0.8,6.54,1.88,324.2,4.8,1128.58,2681.71
2016-11-19,2016,11,Sat,19,323,1479513600,1,no-bh,101.8,wind,0.86,7.34,5.43,324.2,4.8,1130.33,6533.83
2016-11-20,2016,11,Sun,20,324,1479600000,1,no-bh,101.8,cloudy,0.91,8.88,4.97,324.2,4.8,569.08,558.04
2016-11-21,2016,11,Mon,21,325,1479686400,0,no-bh,101.8,partly-cloudy-day,0.92,12.17,8.81,324.2,4.8,451.38,665.21
2016-11-22,2016,11,Tue,22,326,1479772800,0,no-bh,101.8,wind,0.83,10.84,1.11,324.2,4.8,510.54,636.46
2016-11-23,2016,11,Wed,23,327,1479859200,0,no-bh,101.8,partly-cloudy-night,0.92,9.69,8.96,324.2,4.8,557.42,932.46
2016-11-24,2016,11,Thu,24,328,1479945600,0,no-bh,101.8,partly-cloudy-day,0.82,10.11,5.78,324.2,4.8,781.33,1421.04
2016-11-25,2016,11,Fri,25,329,1480032000,1,no-bh,101.8,clear-day,0.75,10.49,2.57,324.2,4.8,1148.58,4776.25
2016-11-26,2016,11,Sat,26,330,1480118400,1,no-bh,101.8,partly-cloudy-day,0.92,7.82,4.81,324.2,4.8,1244.92,4285.21
2016-11-27,2016,11,Sun,27,331,1480204800,1,no-bh,101.8,partly-cloudy-day,0.83,8.14,5.08,324.2,4.8,1146.13,1352.5
2016-11-28,2016,11,Mon,28,332,1480291200,0,no-bh,101.8,cloudy,0.67,8.04,-1.62,324.2,4.8,363.98,599.29
2016-11-29,2016,11,Tue,29,333,1480377600,0,no-bh,101.8,clear-day,0.77,6.26,-3.8,324.2,4.8,636.54,835.21
2016-11-30,2016,11,Wed,30,334,1480464000,0,no-bh,101.8,clear-day,0.8,6.61,-1.48,324.2,4.8,780.5,1501.04
2016-12-01,2016,12,Thu,01,335,1480550400,0,no-bh,102.2,partly-cloudy-night,0.82,7.25,2.37,325.8,4.7,463.79,2088.92
2016-12-02,2016,12,Fri,02,336,1480636800,1,no-bh,102.2,partly-cloudy-day,0.89,7.58,5.03,325.8,4.7,1177.09,5348.92
2016-12-03,2016,12,Sat,03,337,1480723200,1,no-bh,102.2,partly-cloudy-day,0.78,7.71,1.19,325.8,4.7,854.08,5097.01
2016-12-04,2016,12,Sun,04,338,1480809600,1,no-bh,102.2,partly-cloudy-night,0.77,7.01,-0.92,325.8,4.7,1234.17,1103.79
2016-12-06,2016,12,Tue,06,340,1480982400,0,no-bh,102.2,fog,0.97,9.88,9.28,325.8,4.7,1205.96,1198.67
2016-12-07,2016,12,Wed,07,341,1481068800,0,no-bh,102.2,partly-cloudy-day,0.89,12.76,10.14,325.8,4.7,415.42,1040.67
2016-12-08,2016,12,Thu,08,342,1481155200,0,no-bh,102.2,partly-cloudy-day,0.9,12.79,11.86,325.8,4.7,574.17,1473.08
2016-12-09,2016,12,Fri,09,343,1481241600,1,no-bh,102.2,partly-cloudy-day,0.91,13.84,10.46,325.8,4.7,1116.13,2541.83
2016-12-10,2016,12,Sat,10,344,1481328000,1,no-bh,102.2,cloudy,0.94,12.71,4.07,325.8,4.7,882.38,2339.33
2016-12-11,2016,12,Sun,11,345,1481414400,1,no-bh,102.2,fog,0.93,9.5,2.74,325.8,4.7,1657.38,1795.71
2016-12-12,2016,12,Mon,12,346,1481500800,0,no-bh,102.2,partly-cloudy-day,0.96,10.34,7.4,325.8,4.7,343.5,696.5
2016-12-13,2016,12,Tue,13,347,1481587200,0,no-bh,102.2,partly-cloudy-day,0.96,12.47,7.49,325.8,4.7,1109.29,2632.17
2016-12-14,2016,12,Wed,14,348,1481673600,0,no-bh,102.2,fog,0.87,13.18,5.97,325.8,4.7,1786.46,3909.83
2016-12-15,2016,12,Thu,15,349,1481760000,0,no-bh,102.2,partly-cloudy-day,0.92,10.53,8.06,325.8,4.7,1846,3750.29
2016-12-16,2016,12,Fri,16,350,1481846400,1,no-bh,102.2,fog,0.92,9.53,4.56,325.8,4.7,1061.04,1001.92
2016-12-17,2016,12,Sat,17,351,1481932800,1,no-bh,102.2,fog,0.99,7.29,5.91,325.8,4.7,1052.33,4994.71
2016-12-18,2016,12,Sun,18,352,1482019200,1,no-bh,102.2,fog,0.96,7.45,4.68,325.8,4.7,708.5,1964.04
2016-12-19,2016,12,Mon,19,353,1482105600,0,no-bh,102.2,fog,0.95,6.62,3.85,325.8,4.7,1236.46,1538.42
2016-12-20,2016,12,Tue,20,354,1482192000,0,no-bh,102.2,partly-cloudy-night,0.86,6.38,3.87,325.8,4.7,1126.04,1887.58
2016-12-21,2016,12,Wed,21,355,1482278400,0,no-bh,102.2,partly-cloudy-day,0.9,11.25,2.77,325.8,4.7,853.5,3887.54
2016-12-22,2016,12,Thu,22,356,1482364800,0,no-bh,102.2,partly-cloudy-night,0.87,9.27,5.08,325.8,4.7,1094.58,2664.04
2016-12-23,2016,12,Fri,23,357,1482451200,1,no-bh,102.2,wind,0.91,10.69,5.26,325.8,4.7,867.58,1747.33
2016-12-24,2016,12,Sat,24,358,1482537600,1,no-bh,102.2,partly-cloudy-day,0.8,9.19,9.23,325.8,4.7,214.25,474.58
2016-12-26,2016,12,Mon,26,360,1482710400,0,bh,102.2,clear-day,0.78,7.99,-0.36,325.8,4.7,239.13,602.54
2016-12-27,2016,12,Tue,27,361,1482796800,0,bh,102.2,partly-cloudy-day,0.88,6.51,-0.72,325.8,4.7,446,474.79
2016-12-28,2016,12,Wed,28,362,1482883200,0,no-bh,102.2,clear-day,0.95,5.36,-0.84,325.8,4.7,637.21,476.08
2016-12-29,2016,12,Thu,29,363,1482969600,0,no-bh,102.2,fog,0.91,8.19,-0.19,325.8,4.7,425.54,746.42
2016-12-30,2016,12,Fri,30,364,1483056000,1,no-bh,102.2,fog,0.98,3.14,-0.19,325.8,4.7,658.83,1126.63
2016-12-31,2016,12,Sat,31,365,1483142400,1,no-bh,102.2,cloudy,0.78,6.43,1.51,325.8,4.7,745.5,1245
2017-01-01,2017,01,Sun,01,0,1483228800,1,no-bh,101.8,cloudy,0.87,4.14,0.72,326.4,4.7,434.54,491.21
2017-01-02,2017,01,Mon,02,1,1483315200,0,bh,101.8,clear-day,0.88,4.71,-2.08,326.4,4.7,971.13,3907.29
2017-01-03,2017,01,Tue,03,2,1483401600,0,no-bh,101.8,partly-cloudy-night,0.87,4.91,3.12,326.4,4.7,105.04,376.71
2017-01-04,2017,01,Wed,04,3,1483488000,0,no-bh,101.8,partly-cloudy-day,0.79,7.05,-1.21,326.4,4.7,350.21,777.33
2017-01-05,2017,01,Thu,05,4,1483574400,0,no-bh,101.8,partly-cloudy-night,0.84,5.4,-1.78,326.4,4.7,522.29,735.33
2017-01-06,2017,01,Fri,06,5,1483660800,1,no-bh,101.8,partly-cloudy-day,0.93,5.85,4.66,326.4,4.7,557.17,3337.71
2017-01-07,2017,01,Sat,07,6,1483747200,1,no-bh,101.8,fog,0.97,10.13,7.74,326.4,4.7,792.17,1348.17
2017-01-08,2017,01,Sun,08,7,1483833600,1,no-bh,101.8,partly-cloudy-night,0.96,9.86,7.83,326.4,4.7,840,929.42
2017-01-09,2017,01,Mon,09,8,1483920000,0,no-bh,101.8,partly-cloudy-day,0.93,9.47,3.66,326.4,4.7,160.63,480.83
2017-01-10,2017,01,Tue,10,9,1484006400,0,no-bh,101.8,partly-cloudy-day,0.86,8.3,7.21,326.4,4.7,375.79,631.63
2017-01-11,2017,01,Wed,11,10,1484092800,0,no-bh,101.8,partly-cloudy-day,0.75,10.66,5.24,326.4,4.7,463,1199.17
2017-01-12,2017,01,Thu,12,11,1484179200,0,no-bh,101.8,fog,0.84,6.67,0.54,326.4,4.7,652.38,1548.04
2017-01-13,2017,01,Fri,13,12,1484265600,1,no-bh,101.8,partly-cloudy-day,0.77,5.45,0.31,326.4,4.7,615.83,3710.58
2017-01-14,2017,01,Sat,14,13,1484352000,1,no-bh,101.8,partly-cloudy-day,0.87,4.15,0.99,326.4,4.7,906.5,4689.37
2017-01-15,2017,01,Sun,15,14,1484438400,1,no-bh,101.8,cloudy,0.96,8.48,4.44,326.4,4.7,1101,1335.21
2017-01-16,2017,01,Mon,16,15,1484524800,0,no-bh,101.8,fog,0.94,4.69,0.72,326.4,4.7,152.18,474.79
2017-01-17,2017,01,Tue,17,16,1484611200,0,no-bh,101.8,clear-day,0.82,4.86,-3.24,326.4,4.7,644.29,854
2017-01-18,2017,01,Wed,18,17,1484697600,0,no-bh,101.8,partly-cloudy-night,0.79,4.47,-2.29,326.4,4.7,304.96,1072.75
2017-01-19,2017,01,Thu,19,18,1484784000,0,no-bh,101.8,clear-day,0.81,6.36,-1.94,326.4,4.7,478.29,1412.75
2017-01-20,2017,01,Fri,20,19,1484870400,1,no-bh,101.8,clear-day,0.77,6.34,-1.89,326.4,4.7,1117.08,3423.67
2017-01-21,2017,01,Sat,21,20,1484956800,1,no-bh,101.8,clear-day,0.77,3.92,-4.01,326.4,4.7,602.04,1282.79
2017-01-22,2017,01,Sun,22,21,1485043200,1,no-bh,101.8,fog,0.89,5.78,-3.07,326.4,4.7,1193.13,1441.17
2017-01-23,2017,01,Mon,23,22,1485129600,0,no-bh,101.8,fog,0.95,4.08,0.13,326.4,4.7,289.17,594.17
2017-01-24,2017,01,Tue,24,23,1485216000,0,no-bh,101.8,fog,0.89,8.84,-0.63,326.4,4.7,332.83,1039.75
2017-01-25,2017,01,Wed,25,24,1485302400,0,no-bh,101.8,fog,0.98,3.09,-0.78,326.4,4.7,478.13,852.88
2017-01-26,2017,01,Thu,26,25,1485388800,0,no-bh,101.8,fog,0.89,-0.37,-1.67,326.4,4.7,666.08,1426.29
2017-01-27,2017,01,Fri,27,26,1485475200,1,no-bh,101.8,partly-cloudy-day,0.89,5.62,5.83,326.4,4.7,847.5,4845.17
2017-01-28,2017,01,Sat,28,27,1485561600,1,no-bh,101.8,partly-cloudy-day,0.83,9.14,2.16,326.4,4.7,1219.04,1985.96
2017-01-29,2017,01,Sun,29,28,1485648000,1,no-bh,101.8,partly-cloudy-night,0.93,8.12,6.78,326.4,4.7,885.5,2682.58
2017-01-30,2017,01,Mon,30,29,1485734400,0,no-bh,101.8,cloudy,0.94,7.56,5.19,326.4,4.7,559.21,642.75
2017-01-31,2017,01,Tue,31,30,1485820800,0,no-bh,101.8,fog,0.97,7.68,7.89,326.4,4.7,374.83,1250.46
2017-02-01,2017,02,Wed,01,31,1485907200,0,no-bh,102.4,fog,0.95,10.51,9.19,326.2,4.6,524.88,1053.5
2017-02-02,2017,02,Thu,02,32,1485993600,0,no-bh,102.4,partly-cloudy-day,0.89,10.89,7.22,326.2,4.6,678.33,1471.17
2017-02-03,2017,02,Fri,03,33,1486080000,1,no-bh,102.4,partly-cloudy-day,0.85,9.81,2.94,326.2,4.6,785.5,4873.67
2017-02-04,2017,02,Sat,04,34,1486166400,1,no-bh,102.4,partly-cloudy-day,0.88,8.64,3.48,326.2,4.6,1259.79,5074.17
2017-02-05,2017,02,Sun,05,35,1486252800,1,no-bh,102.4,partly-cloudy-day,0.92,5.73,0.08,326.2,4.6,1157.58,1314.63
2017-02-06,2017,02,Mon,06,36,1486339200,0,no-bh,102.4,partly-cloudy-night,0.88,7.28,4.51,326.2,4.6,311.79,874.13
2017-02-07,2017,02,Tue,07,37,1486425600,0,no-bh,102.4,partly-cloudy-day,0.87,9.79,3.77,326.2,4.6,627.38,938.79
2017-02-08,2017,02,Wed,08,38,1486512000,0,no-bh,102.4,partly-cloudy-day,0.88,4.33,1.74,326.2,4.6,774.29,1227.46
2017-02-09,2017,02,Thu,09,39,1486598400,0,no-bh,102.4,fog,0.87,2.07,1.33,326.2,4.6,647.17,2055.58
2017-02-10,2017,02,Fri,10,40,1486684800,1,no-bh,102.4,fog,0.92,1.87,0.47,326.2,4.6,616.38,3286.29
2017-02-11,2017,02,Sat,11,41,1486771200,1,no-bh,102.4,fog,0.92,2.17,1.51,326.2,4.6,1247.67,5678.38
2017-02-12,2017,02,Sun,12,42,1486857600,1,no-bh,102.4,fog,0.91,4.33,3.68,326.2,4.6,904.21,1018.33
2017-02-13,2017,02,Mon,13,43,1486944000,0,no-bh,102.4,clear-day,0.84,8.94,2.88,326.2,4.6,473.42,627.38
2017-02-14,2017,02,Tue,14,44,1487030400,0,bh,102.4,partly-cloudy-night,0.81,10.56,7.67,326.2,4.6,879.13,2431.08
2017-02-15,2017,02,Wed,15,45,1487116800,0,no-bh,102.4,partly-cloudy-day,0.93,10.82,6.2,326.2,4.6,533.38,1318.38
2017-02-16,2017,02,Thu,16,46,1487203200,0,no-bh,102.4,partly-cloudy-day,0.85,10.95,7.12,326.2,4.6,563.54,1917.42
2017-02-17,2017,02,Fri,17,47,1487289600,1,no-bh,102.4,partly-cloudy-day,0.84,12.07,5.81,326.2,4.6,1168.04,4186.54
2017-02-18,2017,02,Sat,18,48,1487376000,1,no-bh,102.4,fog,0.87,11.77,3.86,326.2,4.6,668.04,1638.42
2017-02-19,2017,02,Sun,19,49,1487462400,1,no-bh,102.4,partly-cloudy-day,0.87,11.56,9.31,326.2,4.6,658.13,5598.83
2017-02-20,2017,02,Mon,20,50,1487548800,0,no-bh,102.4,partly-cloudy-day,0.86,16.38,10.02,326.2,4.6,297.08,511.88
2017-02-21,2017,02,Tue,21,51,1487635200,0,no-bh,102.4,wind,0.87,12.81,10.86,326.2,4.6,602.42,800.08
2017-02-22,2017,02,Wed,22,52,1487721600,0,no-bh,102.4,wind,0.85,12.83,10.06,326.2,4.6,548.38,1644.88
2017-02-23,2017,02,Thu,23,53,1487808000,0,no-bh,102.4,wind,0.73,10.55,2.76,326.2,4.6,663.63,1988.54
2017-02-24,2017,02,Fri,24,54,1487894400,1,no-bh,102.4,partly-cloudy-day,0.68,8.69,4.34,326.2,4.6,654.54,3467.25
2017-02-25,2017,02,Sat,25,55,1487980800,1,no-bh,102.4,cloudy,0.84,9.87,8.72,326.2,4.6,1115.13,2063.83
2017-02-26,2017,02,Sun,26,56,1488067200,1,no-bh,102.4,wind,0.87,11.22,7.78,326.2,4.6,1325.63,1768.96
2017-02-27,2017,02,Mon,27,57,1488153600,0,no-bh,102.4,partly-cloudy-day,0.88,8.42,1.22,326.2,4.6,528.04,667.5
2017-02-28,2017,02,Tue,28,58,1488240000,0,no-bh,102.4,wind,0.82,7.03,5.32,326.2,4.6,624.5,1331.83
2017-03-01,2017,03,Wed,01,59,1488326400,0,no-bh,102.7,wind,0.81,8.54,5.24,327.1,4.6,677.96,1357
2017-03-02,2017,03,Thu,02,60,1488412800,0,no-bh,102.7,wind,0.63,10.79,5.66,327.1,4.6,536.71,2330.21
2017-03-03,2017,03,Fri,03,61,1488499200,1,no-bh,102.7,partly-cloudy-day,0.87,10.59,6.88,327.1,4.6,881.54,3308.54
2017-03-04,2017,03,Sat,04,62,1488585600,1,no-bh,102.7,partly-cloudy-day,0.81,10.91,5.58,327.1,4.6,1212.58,5939.58
2017-03-05,2017,03,Sun,05,63,1488672000,1,no-bh,102.7,wind,0.81,9.36,3.09,327.1,4.6,1079.08,957.67
2017-03-06,2017,03,Mon,06,64,1488758400,0,no-bh,102.7,partly-cloudy-day,0.76,9.93,4.3,327.1,4.6,321.5,503.96
2017-03-07,2017,03,Tue,07,65,1488844800,0,no-bh,102.7,partly-cloudy-day,0.75,10.54,6.74,327.1,4.6,597.54,6302.87
2017-03-08,2017,03,Wed,08,66,1488931200,0,no-bh,102.7,partly-cloudy-day,0.88,13.54,8.81,327.1,4.6,601.08,1053.71
2017-03-09,2017,03,Thu,09,67,1489017600,0,no-bh,102.7,partly-cloudy-day,0.7,15.65,6.42,327.1,4.6,772.47,1940.25
2017-03-10,2017,03,Fri,10,68,1489104000,1,no-bh,102.7,partly-cloudy-day,0.86,11.67,9.66,327.1,4.6,846.04,4182.83
2017-03-11,2017,03,Sat,11,69,1489190400,1,no-bh,102.7,fog,0.83,16.19,8.78,327.1,4.6,920.54,2273.08
2017-03-12,2017,03,Sun,12,70,1489276800,1,no-bh,102.7,partly-cloudy-day,0.85,11.78,6.07,327.1,4.6,830.17,638.04
2017-03-13,2017,03,Mon,13,71,1489363200,0,no-bh,102.7,partly-cloudy-night,0.71,14.38,7.73,327.1,4.6,474.46,740.13
2017-03-14,2017,03,Tue,14,72,1489449600,0,no-bh,102.7,partly-cloudy-day,0.85,14.11,7.61,327.1,4.6,915.21,2448.25
2017-03-15,2017,03,Wed,15,73,1489536000,0,no-bh,102.7,fog,0.81,17.02,6.12,327.1,4.6,538.75,991.25
2017-03-16,2017,03,Thu,16,74,1489622400,0,no-bh,102.7,partly-cloudy-day,0.85,13.22,4.33,327.1,4.6,447.75,1521.33
2017-03-17,2017,03,Fri,17,75,1489708800,1,bh,102.7,wind,0.73,10.56,9.43,327.1,4.6,695.96,3828.96
2017-03-18,2017,03,Sat,18,76,1489795200,1,no-bh,102.7,wind,0.85,13.92,11.56,327.1,4.6,1160.67,7123.33
2017-03-19,2017,03,Sun,19,77,1489881600,1,no-bh,102.7,wind,0.79,14.31,10.63,327.1,4.6,1023.29,1357.63
2017-03-20,2017,03,Mon,20,78,1489968000,0,no-bh,102.7,wind,0.87,12.1,4.16,327.1,4.6,487.08,1134.54
2017-03-21,2017,03,Tue,21,79,1490054400,0,no-bh,102.7,partly-cloudy-day,0.66,10.73,5.71,327.1,4.6,716.75,1357.38
2017-03-22,2017,03,Wed,22,80,1490140800,0,no-bh,102.7,partly-cloudy-day,0.81,9.07,5.21,327.1,4.6,526.13,1419.38
2017-03-23,2017,03,Thu,23,81,1490227200,0,no-bh,102.7,wind,0.8,10.54,6.77,327.1,4.6,735.42,2192.63
2017-03-24,2017,03,Fri,24,82,1490313600,1,no-bh,102.7,partly-cloudy-day,0.8,12.01,4.17,327.1,4.6,1050.58,4298.42
2017-03-25,2017,03,Sat,25,83,1490400000,1,no-bh,102.7,wind,0.56,13.77,5.18,327.1,4.6,580.79,1017.08
2017-03-26,2017,03,Sun,26,84,1490486400,1,bh,102.7,partly-cloudy-night,0.68,14.33,5.93,327.1,4.6,1687.79,1062.46
2017-03-27,2017,03,Mon,27,85,1490572800,0,no-bh,102.7,fog,0.81,14.36,4.84,327.1,4.6,365.79,567.04
2017-03-28,2017,03,Tue,28,86,1490659200,0,no-bh,102.7,fog,0.8,16.07,10.98,327.1,4.6,355.17,969.63
2017-03-29,2017,03,Wed,29,87,1490745600,0,no-bh,102.7,partly-cloudy-day,0.84,14.04,11.74,327.1,4.6,364,1142.38
2017-03-30,2017,03,Thu,30,88,1490832000,0,no-bh,102.7,partly-cloudy-day,0.63,20.19,11.68,327.1,4.6,465.58,1199.92
2017-03-31,2017,03,Fri,31,89,1490918400,1,no-bh,102.7,partly-cloudy-day,0.7,15.46,9.09,327.1,4.6,832.21,3222.29
2017-04-01,2017,04,Sat,01,90,1491004800,1,no-bh,103.2,partly-cloudy-day,0.75,14.25,6.76,330.5,4.5,791.54,2690.79
2017-04-02,2017,04,Sun,02,91,1491091200,1,no-bh,103.2,partly-cloudy-day,0.74,15.03,5.49,330.5,4.5,1535.88,5159.58
2017-04-03,2017,04,Mon,03,92,1491177600,0,no-bh,103.2,partly-cloudy-night,0.76,16.15,8.72,330.5,4.5,639.17,775.87
2017-04-04,2017,04,Tue,04,93,1491264000,0,no-bh,103.2,partly-cloudy-day,0.83,14.06,5.41,330.5,4.5,354.79,735.04
2017-04-05,2017,04,Wed,05,94,1491350400,0,no-bh,103.2,partly-cloudy-day,0.68,13.93,5.14,330.5,4.5,739,1498.79
2017-04-06,2017,04,Thu,06,95,1491436800,0,no-bh,103.2,clear-day,0.68,16.77,5,330.5,4.5,616.96,1194.54
2017-04-07,2017,04,Fri,07,96,1491523200,1,no-bh,103.2,clear-day,0.7,16.54,5.08,330.5,4.5,957.08,3406.33
2017-04-08,2017,04,Sat,08,97,1491609600,1,no-bh,103.2,clear-day,0.69,19.82,7.41,330.5,4.5,947.46,5327.21
2017-04-09,2017,04,Sun,09,98,1491696000,1,no-bh,103.2,partly-cloudy-night,0.63,23.56,8.44,330.5,4.5,834.42,838.46
2017-04-10,2017,04,Mon,10,99,1491782400,0,no-bh,103.2,partly-cloudy-day,0.62,12.88,5.67,330.5,4.5,775.83,1462.08
2017-04-11,2017,04,Tue,11,100,1491868800,0,no-bh,103.2,partly-cloudy-day,0.64,15.23,5.96,330.5,4.5,585.08,1167.92
2017-04-12,2017,04,Wed,12,101,1491955200,0,no-bh,103.2,partly-cloudy-day,0.7,15.74,6.34,330.5,4.5,491.25,1270.83
2017-04-13,2017,04,Thu,13,102,1492041600,0,no-bh,103.2,partly-cloudy-day,0.62,12.68,7.24,330.5,4.5,713.88,4099
2017-04-14,2017,04,Fri,14,103,1492128000,1,bh,103.2,partly-cloudy-day,0.66,13.91,9.6,330.5,4.5,321.92,719.71
2017-04-15,2017,04,Sat,15,104,1492214400,1,no-bh,103.2,partly-cloudy-day,0.63,13.53,5.97,330.5,4.5,153.93,441.88
2017-04-16,2017,04,Sun,16,105,1492300800,1,no-bh,103.2,partly-cloudy-day,0.66,13.76,7.66,330.5,4.5,680.25,1222.42
2017-04-17,2017,04,Mon,17,106,1492387200,0,bh,103.2,partly-cloudy-day,0.72,11.42,4.19,330.5,4.5,688.38,6824.33
2017-04-18,2017,04,Tue,18,107,1492473600,0,no-bh,103.2,partly-cloudy-day,0.61,12.05,2.14,330.5,4.5,392.5,722.54
2017-04-19,2017,04,Wed,19,108,1492560000,0,no-bh,103.2,partly-cloudy-night,0.6,12.7,5.43,330.5,4.5,382.17,1023.96
2017-04-20,2017,04,Thu,20,109,1492646400,0,no-bh,103.2,partly-cloudy-day,0.68,13.81,8.38,330.5,4.5,433.17,1163.83
2017-04-21,2017,04,Fri,21,110,1492732800,1,no-bh,103.2,partly-cloudy-day,0.72,14.66,8.83,330.5,4.5,661.42,4531.25
2017-04-22,2017,04,Sat,22,111,1492819200,1,no-bh,103.2,partly-cloudy-day,0.68,14.53,7.17,330.5,4.5,764.79,2419.33
2017-04-23,2017,04,Sun,23,112,1492905600,1,no-bh,103.2,partly-cloudy-day,0.66,14.64,6.54,330.5,4.5,613.54,861.46
2017-04-24,2017,04,Mon,24,113,1492992000,0,no-bh,103.2,partly-cloudy-day,0.74,12.94,1.22,330.5,4.5,444.21,555.42
2017-04-25,2017,04,Tue,25,114,1493078400,0,no-bh,103.2,partly-cloudy-day,0.56,10.02,2.22,330.5,4.5,593.58,1049.75
2017-04-26,2017,04,Wed,26,115,1493164800,0,no-bh,103.2,partly-cloudy-day,0.76,8.47,0.34,330.5,4.5,610.71,857.88
2017-04-27,2017,04,Thu,27,116,1493251200,0,no-bh,103.2,partly-cloudy-day,0.76,10.16,7.2,330.5,4.5,848.17,2259.87
2017-04-28,2017,04,Fri,28,117,1493337600,1,no-bh,103.2,partly-cloudy-day,0.72,13.13,4.69,330.5,4.5,1047.74,3965.79
2017-04-29,2017,04,Sat,29,118,1493424000,1,no-bh,103.2,partly-cloudy-day,0.65,14.49,8.99,330.5,4.5,1620.04,8780.08
2017-04-30,2017,04,Sun,30,119,1493510400,1,no-bh,103.2,wind,0.57,15.43,8.56,330.5,4.5,765.79,2732.29
2017-05-01,2017,05,Mon,01,120,1493596800,0,bh,103.5,partly-cloudy-day,0.83,11.93,6.14,337,4.4,434.08,580.88
2017-05-02,2017,05,Tue,02,121,1493683200,0,no-bh,103.5,partly-cloudy-day,0.76,15.91,7.36,337,4.4,567.37,772.88
2017-05-03,2017,05,Wed,03,122,1493769600,0,no-bh,103.5,partly-cloudy-day,0.84,10.78,9.08,337,4.4,787.83,1084.29
2017-05-04,2017,05,Thu,04,123,1493856000,0,no-bh,103.5,partly-cloudy-day,0.8,12.81,8.22,337,4.4,803.58,1953.04
2017-05-05,2017,05,Fri,05,124,1493942400,1,no-bh,103.5,wind,0.69,14.57,9.23,337,4.4,906.71,4179.92
2017-05-06,2017,05,Sat,06,125,1494028800,1,no-bh,103.5,partly-cloudy-day,0.75,14.61,8.53,337,4.4,641.5,1264.63
2017-05-07,2017,05,Sun,07,126,1494115200,1,no-bh,103.5,partly-cloudy-day,0.72,16.64,7.38,337,4.4,652.13,961.71
2017-05-08,2017,05,Mon,08,127,1494201600,0,no-bh,103.5,partly-cloudy-day,0.72,11.4,6.63,337,4.4,892.42,1310.75
2017-05-09,2017,05,Tue,09,128,1494288000,0,no-bh,103.5,partly-cloudy-day,0.66,12.62,4.45,337,4.4,528.25,1381.38
2017-05-10,2017,05,Wed,10,129,1494374400,0,no-bh,103.5,partly-cloudy-day,0.68,16.87,6.87,337,4.4,548.25,1248.21
2017-05-11,2017,05,Thu,11,130,1494460800,0,no-bh,103.5,fog,0.71,19.42,12.42,337,4.4,542.75,2024.63
2017-05-12,2017,05,Fri,12,131,1494547200,1,no-bh,103.5,partly-cloudy-day,0.83,17.22,11.73,337,4.4,849.42,2645
2017-05-13,2017,05,Sat,13,132,1494633600,1,no-bh,103.5,partly-cloudy-day,0.71,16.82,11.93,337,4.4,600.21,5962.5
2017-05-14,2017,05,Sun,14,133,1494720000,1,no-bh,103.5,partly-cloudy-day,0.69,18.43,9.38,337,4.4,842.96,863.46
2017-05-15,2017,05,Mon,15,134,1494806400,0,no-bh,103.5,wind,0.83,17.77,15.27,337,4.4,427.63,647
2017-05-16,2017,05,Tue,16,135,1494892800,0,no-bh,103.5,wind,0.77,22.57,15.01,337,4.4,1438.42,2340.21
2017-05-17,2017,05,Wed,17,136,1494979200,0,no-bh,103.5,cloudy,0.94,17.79,9.45,337,4.4,535.38,930.75
2017-05-18,2017,05,Thu,18,137,1495065600,0,no-bh,103.5,partly-cloudy-day,0.82,15.91,9.4,337,4.4,713.42,3229.25
2017-05-19,2017,05,Fri,19,138,1495152000,1,no-bh,103.5,partly-cloudy-day,0.83,13.83,6.93,337,4.4,535.33,4611.04
2017-05-20,2017,05,Sat,20,139,1495238400,1,no-bh,103.5,partly-cloudy-day,0.78,14.89,8.57,337,4.4,475.79,1416.67
2017-05-21,2017,05,Sun,21,140,1495324800,1,no-bh,103.5,partly-cloudy-day,0.7,19.18,10.51,337,4.4,1230.79,1759
2017-05-22,2017,05,Mon,22,141,1495411200,0,no-bh,103.5,partly-cloudy-day,0.63,23.41,11.62,337,4.4,358.33,615.54
2017-05-23,2017,05,Tue,23,142,1495497600,0,no-bh,103.5,partly-cloudy-day,0.76,19.95,12.36,337,4.4,468.5,1477.46
2017-05-24,2017,05,Wed,24,143,1495584000,0,no-bh,103.5,partly-cloudy-day,0.7,24.42,12.87,337,4.4,849.63,1724.58
2017-05-25,2017,05,Thu,25,144,1495670400,0,no-bh,103.5,clear-day,0.69,24.48,12.82,337,4.4,577.67,2489.08
2017-05-26,2017,05,Fri,26,145,1495756800,1,no-bh,103.5,clear-day,0.63,25.83,15.39,337,4.4,427.42,1806.21
2017-05-27,2017,05,Sat,27,146,1495843200,1,no-bh,103.5,wind,0.74,21.55,11.71,337,4.4,901.79,2299.17
2017-05-28,2017,05,Sun,28,147,1495929600,1,no-bh,103.5,partly-cloudy-day,0.77,22.88,13.51,337,4.4,468.71,1136.58
2017-05-29,2017,05,Mon,29,148,1496016000,0,bh,103.5,partly-cloudy-day,0.87,20.44,14.47,337,4.4,443.92,730.54
2017-05-30,2017,05,Tue,30,149,1496102400,0,no-bh,103.5,partly-cloudy-day,0.78,19.16,12.57,337,4.4,264.58,759.58
2017-05-31,2017,05,Wed,31,150,1496188800,0,no-bh,103.5,partly-cloudy-day,0.76,20.89,11.65,337,4.4,282.75,1392.96
2017-06-01,2017,06,Thu,01,151,1496275200,0,no-bh,103.5,partly-cloudy-day,0.68,23.66,12.91,336.8,4.3,495.75,1431.75
2017-06-02,2017,06,Fri,02,152,1496361600,1,no-bh,103.5,partly-cloudy-day,0.76,23.13,14.76,336.8,4.3,889.04,3989.62
2017-06-03,2017,06,Sat,03,153,1496448000,1,no-bh,103.5,partly-cloudy-day,0.67,19.87,9.69,336.8,4.3,1168.79,2115.88
2017-06-04,2017,06,Sun,04,154,1496534400,1,no-bh,103.5,partly-cloudy-day,0.69,18.21,11.21,336.8,4.3,429.5,517.63
2017-06-05,2017,06,Mon,05,155,1496620800,0,no-bh,103.5,wind,0.8,17,9.85,336.8,4.3,380.13,711.54
2017-06-06,2017,06,Tue,06,156,1496707200,0,no-bh,103.5,wind,0.81,15.73,10.68,336.8,4.3,297.04,999
2017-06-07,2017,06,Wed,07,157,1496793600,0,no-bh,103.5,wind,0.67,18.75,13,336.8,4.3,439.42,1384.71
2017-06-08,2017,06,Thu,08,158,1496880000,0,no-bh,103.5,wind,0.81,17.43,12.03,336.8,4.3,526,1351.17
2017-06-09,2017,06,Fri,09,159,1496966400,1,no-bh,103.5,partly-cloudy-day,0.76,19.34,13.3,336.8,4.3,1224.54,4927.67
2017-06-10,2017,06,Sat,10,160,1497052800,1,no-bh,103.5,wind,0.72,21.86,16.43,336.8,4.3,1299.92,6000.08
2017-06-11,2017,06,Sun,11,161,1497139200,1,no-bh,103.5,wind,0.71,21.39,12.08,336.8,4.3,477.29,679.5
2017-06-12,2017,06,Mon,12,162,1497225600,0,no-bh,103.5,partly-cloudy-day,0.69,18.43,9.89,336.8,4.3,347.29,915.21
2017-06-13,2017,06,Tue,13,163,1497312000,0,no-bh,103.5,partly-cloudy-day,0.69,22.27,12.49,336.8,4.3,254.58,707.42
2017-06-14,2017,06,Wed,14,164,1497398400,0,no-bh,103.5,partly-cloudy-day,0.63,24.52,14.38,336.8,4.3,463.17,1091.38
2017-06-15,2017,06,Thu,15,165,1497484800,0,no-bh,103.5,wind,0.64,22.62,11.83,336.8,4.3,496.25,1644.67
2017-06-16,2017,06,Fri,16,166,1497571200,1,no-bh,103.5,partly-cloudy-day,0.68,22.54,14.62,336.8,4.3,243.63,1610.5
2017-06-17,2017,06,Sat,17,167,1497657600,1,no-bh,103.5,clear-day,0.69,28.03,16.82,336.8,4.3,782.63,1417.88
2017-06-18,2017,06,Sun,18,168,1497744000,1,bh,103.5,partly-cloudy-day,0.64,29.55,17.47,336.8,4.3,302.55,545.38
2017-06-19,2017,06,Mon,19,169,1497830400,0,no-bh,103.5,partly-cloudy-day,0.63,30.09,17.26,336.8,4.3,168.67,481.38
2017-06-20,2017,06,Tue,20,170,1497916800,0,no-bh,103.5,partly-cloudy-day,0.66,29.17,15.74,336.8,4.3,400.71,1318.88
2017-06-21,2017,06,Wed,21,171,1498003200,0,no-bh,103.5,partly-cloudy-day,0.69,31.47,18.69,336.8,4.3,427.96,920.96
2017-06-22,2017,06,Thu,22,172,1498089600,0,no-bh,103.5,partly-cloudy-day,0.73,22.28,13.12,336.8,4.3,520.83,2080.17
2017-06-23,2017,06,Fri,23,173,1498176000,1,no-bh,103.5,partly-cloudy-day,0.69,22.29,16.64,336.8,4.3,711.75,4563.96
2017-06-24,2017,06,Sat,24,174,1498262400,1,no-bh,103.5,partly-cloudy-day,0.78,21.4,14.79,336.8,4.3,992.58,1507.21
2017-06-25,2017,06,Sun,25,175,1498348800,1,no-bh,103.5,wind,0.73,21.34,12.43,336.8,4.3,575.25,724.92
2017-06-26,2017,06,Mon,26,176,1498435200,0,no-bh,103.5,partly-cloudy-day,0.55,22.89,14.94,336.8,4.3,425.38,695.25
2017-06-27,2017,06,Tue,27,177,1498521600,0,no-bh,103.5,partly-cloudy-day,0.78,19.43,14.54,336.8,4.3,705.08,1834.63
2017-06-28,2017,06,Wed,28,178,1498608000,0,no-bh,103.5,cloudy,0.89,16.33,11.88,336.8,4.3,768.71,1856.96
2017-06-29,2017,06,Thu,29,179,1498694400,0,no-bh,103.5,partly-cloudy-day,0.78,16.74,13.3,336.8,4.3,328.29,1000.46
2017-06-30,2017,06,Fri,30,180,1498780800,1,no-bh,103.5,partly-cloudy-day,0.73,20.64,14.19,336.8,4.3,717.29,1927.79
2017-07-01,2017,07,Sat,01,181,1498867200,1,no-bh,103.5,partly-cloudy-day,0.71,21.32,14.9,339.6,4.3,999.79,1262.54
2017-07-02,2017,07,Sun,02,182,1498953600,1,no-bh,103.5,partly-cloudy-day,0.62,22.44,14.58,339.6,4.3,234,473.96
2017-07-03,2017,07,Mon,03,183,1499040000,0,no-bh,103.5,partly-cloudy-day,0.69,22.92,12.56,339.6,4.3,996.13,1048.63
2017-07-04,2017,07,Tue,04,184,1499126400,0,no-bh,103.5,partly-cloudy-day,0.7,22.62,13.99,339.6,4.3,560.46,1132.92
2017-07-05,2017,07,Wed,05,185,1499212800,0,no-bh,103.5,clear-day,0.63,27.24,17.37,339.6,4.3,652.75,1297.29
2017-07-06,2017,07,Thu,06,186,1499299200,0,no-bh,103.5,partly-cloudy-day,0.62,29.2,17.15,339.6,4.3,621,1592.79
2017-07-07,2017,07,Fri,07,187,1499385600,1,no-bh,103.5,partly-cloudy-day,0.6,27.8,17.38,339.6,4.3,671,3175.08
2017-07-08,2017,07,Sat,08,188,1499472000,1,no-bh,103.5,partly-cloudy-day,0.61,25.51,16.86,339.6,4.3,1285.25,2134.08
2017-07-09,2017,07,Sun,09,189,1499558400,1,no-bh,103.5,partly-cloudy-day,0.64,26.52,15.64,339.6,4.3,498.33,903.71
2017-07-10,2017,07,Mon,10,190,1499644800,0,no-bh,103.5,partly-cloudy-day,0.64,24.19,14.32,339.6,4.3,577.42,1268.75
2017-07-11,2017,07,Tue,11,191,1499731200,0,no-bh,103.5,partly-cloudy-day,0.82,18.01,14.14,339.6,4.3,518,924.38
2017-07-12,2017,07,Wed,12,192,1499817600,0,no-bh,103.5,partly-cloudy-day,0.75,20.16,12.51,339.6,4.3,298.25,1017.38
2017-07-13,2017,07,Thu,13,193,1499904000,0,no-bh,103.5,partly-cloudy-day,0.62,21.21,14.56,339.6,4.3,626.75,1691.04
2017-07-14,2017,07,Fri,14,194,1499990400,1,no-bh,103.5,partly-cloudy-day,0.65,19.89,14.74,339.6,4.3,577.88,1617.17
2017-07-15,2017,07,Sat,15,195,1500076800,1,no-bh,103.5,partly-cloudy-day,0.77,21.22,17.65,339.6,4.3,472.08,999.75
2017-07-16,2017,07,Sun,16,196,1500163200,1,no-bh,103.5,partly-cloudy-day,0.79,23.91,14.59,339.6,4.3,489.13,660
2017-07-17,2017,07,Mon,17,197,1500249600,0,no-bh,103.5,partly-cloudy-day,0.57,25.08,16.35,339.6,4.3,302.83,947.21
2017-07-18,2017,07,Tue,18,198,1500336000,0,no-bh,103.5,partly-cloudy-day,0.66,25.4,17.88,339.6,4.3,628.54,1009.54
2017-07-19,2017,07,Wed,19,199,1500422400,0,no-bh,103.5,partly-cloudy-day,0.86,21.59,17.26,339.6,4.3,567.42,1320.63
2017-07-20,2017,07,Thu,20,200,1500508800,0,no-bh,103.5,partly-cloudy-day,0.75,19.58,12.63,339.6,4.3,1036.33,2066.96
2017-07-21,2017,07,Fri,21,201,1500595200,1,no-bh,103.5,wind,0.68,20.91,13.21,339.6,4.3,721.38,2049.38
2017-07-22,2017,07,Sat,22,202,1500681600,1,no-bh,103.5,partly-cloudy-day,0.89,17.24,10.99,339.6,4.3,470,754.08
2017-07-23,2017,07,Sun,23,203,1500768000,1,no-bh,103.5,partly-cloudy-day,0.84,18.15,13.75,339.6,4.3,448.42,488.88
2017-07-24,2017,07,Mon,24,204,1500854400,0,no-bh,103.5,partly-cloudy-day,0.85,17.48,13.33,339.6,4.3,471.04,603.17
2017-07-25,2017,07,Tue,25,205,1500940800,0,no-bh,103.5,partly-cloudy-day,0.75,21.6,14.21,339.6,4.3,523.96,1597.71
2017-07-26,2017,07,Wed,26,206,1501027200,0,no-bh,103.5,partly-cloudy-day,0.88,20.37,13.69,339.6,4.3,736.25,2128.54
2017-07-27,2017,07,Thu,27,207,1501113600,0,no-bh,103.5,partly-cloudy-day,0.78,19.47,13.66,339.6,4.3,649.71,2550.71
2017-07-28,2017,07,Fri,28,208,1501200000,1,no-bh,103.5,wind,0.81,19.76,15.28,339.6,4.3,616.29,4129.29
2017-07-29,2017,07,Sat,29,209,1501286400,1,no-bh,103.5,partly-cloudy-day,0.84,19.24,14.66,339.6,4.3,852.29,2593.33
2017-07-30,2017,07,Sun,30,210,1501372800,1,no-bh,103.5,partly-cloudy-day,0.78,19.58,13,339.6,4.3,1035.46,1184.04
2017-07-31,2017,07,Mon,31,211,1501459200,0,no-bh,103.5,partly-cloudy-day,0.72,21.06,12.38,339.6,4.3,426.13,707.33
2017-08-01,2017,08,Tue,01,212,1501545600,0,no-bh,104,partly-cloudy-day,0.74,20.99,14.58,340.1,4.3,530.63,1086.38
2017-08-02,2017,08,Wed,02,213,1501632000,0,no-bh,104,wind,0.87,17.94,15.47,340.1,4.3,823.42,1562.5
2017-08-03,2017,08,Thu,03,214,1501718400,0,no-bh,104,wind,0.78,20.16,14.71,340.1,4.3,649.25,2609.96
2017-08-04,2017,08,Fri,04,215,1501804800,1,no-bh,104,partly-cloudy-day,0.71,20.45,14.13,340.1,4.3,627.67,2699.83
2017-08-05,2017,08,Sat,05,216,1501891200,1,no-bh,104,partly-cloudy-day,0.71,18.61,10.11,340.1,4.3,953.83,4641.04
2017-08-06,2017,08,Sun,06,217,1501977600,1,no-bh,104,partly-cloudy-day,0.71,20.51,12.77,340.1,4.3,848.75,875.92
2017-08-07,2017,08,Mon,07,218,1502064000,0,no-bh,104,partly-cloudy-day,0.84,19.6,13.98,340.1,4.3,343.5,921.25
2017-08-08,2017,08,Tue,08,219,1502150400,0,no-bh,104,partly-cloudy-day,0.86,16.53,12.98,340.1,4.3,446,1067.83
2017-08-09,2017,08,Wed,09,220,1502236800,0,no-bh,104,partly-cloudy-day,0.92,14.86,11.94,340.1,4.3,752.08,1386.92
2017-08-10,2017,08,Thu,10,221,1502323200,0,no-bh,104,partly-cloudy-day,0.75,19.38,9.87,340.1,4.3,720.54,2391.13
2017-08-11,2017,08,Fri,11,222,1502409600,1,no-bh,104,partly-cloudy-day,0.77,20.39,16.43,340.1,4.3,707.54,3430.92
2017-08-12,2017,08,Sat,12,223,1502496000,1,no-bh,104,partly-cloudy-day,0.73,20.73,12,340.1,4.3,491.04,1163.92
2017-08-13,2017,08,Sun,13,224,1502582400,1,no-bh,104,clear-day,0.59,21.17,11.09,340.1,4.3,642.42,767.92
2017-08-14,2017,08,Mon,14,225,1502668800,0,no-bh,104,partly-cloudy-day,0.68,22.74,14.91,340.1,4.3,511.58,765.08
2017-08-15,2017,08,Tue,15,226,1502755200,0,no-bh,104,partly-cloudy-day,0.69,22.61,10.74,340.1,4.3,482.71,992
2017-08-16,2017,08,Wed,16,227,1502841600,0,no-bh,104,partly-cloudy-day,0.71,21.49,15.33,340.1,4.3,668,999.08
2017-08-17,2017,08,Thu,17,228,1502928000,0,no-bh,104,partly-cloudy-day,0.8,22.88,14.96,340.1,4.3,492.58,1520.38
2017-08-18,2017,08,Fri,18,229,1503014400,1,no-bh,104,wind,0.78,18.76,12.86,340.1,4.3,803.63,3752.67
2017-08-19,2017,08,Sat,19,230,1503100800,1,no-bh,104,wind,0.69,19.14,9.94,340.1,4.3,924.13,6345.25
2017-08-20,2017,08,Sun,20,231,1503187200,1,no-bh,104,partly-cloudy-day,0.76,19.87,13.64,340.1,4.3,778.75,912.13
2017-08-21,2017,08,Mon,21,232,1503273600,0,no-bh,104,cloudy,0.92,18.47,16.97,340.1,4.3,300.5,890.88
2017-08-22,2017,08,Tue,22,233,1503360000,0,no-bh,104,partly-cloudy-day,0.86,21.99,16.21,340.1,4.3,526.83,2095.21
2017-08-23,2017,08,Wed,23,234,1503446400,0,no-bh,104,partly-cloudy-day,0.82,20.86,12.83,340.1,4.3,625.38,2372.83
2017-08-24,2017,08,Thu,24,235,1503532800,0,no-bh,104,partly-cloudy-day,0.76,20.37,11.21,340.1,4.3,855.33,2028.79
2017-08-25,2017,08,Fri,25,236,1503619200,1,no-bh,104,partly-cloudy-day,0.74,23.06,13.94,340.1,4.3,522.17,3297.33
2017-08-26,2017,08,Sat,26,237,1503705600,1,no-bh,104,partly-cloudy-day,0.7,23.71,15.24,340.1,4.3,419.92,697
2017-08-27,2017,08,Sun,27,238,1503792000,1,no-bh,104,clear-day,0.66,25.09,14.62,340.1,4.3,534.25,1276.13
2017-08-28,2017,08,Mon,28,239,1503878400,0,bh,104,clear-day,0.71,26.75,16.64,340.1,4.3,240.54,461.54
2017-08-29,2017,08,Tue,29,240,1503964800,0,no-bh,104,partly-cloudy-day,0.75,24.42,13.07,340.1,4.3,184.25,514.67
2017-08-30,2017,08,Wed,30,241,1504051200,0,no-bh,104,partly-cloudy-day,0.85,13.57,8.63,340.1,4.3,330.13,897.79
2017-08-31,2017,08,Thu,31,242,1504137600,0,no-bh,104,partly-cloudy-day,0.79,18.67,9.38,340.1,4.3,983.92,1981.71
2017-09-01,2017,09,Fri,01,243,1504224000,1,no-bh,104.3,clear-day,0.7,19.93,10.12,340.6,4.3,768.17,4608.5
2017-09-02,2017,09,Sat,02,244,1504310400,1,no-bh,104.3,clear-day,0.7,20.21,10.86,340.6,4.3,379.25,698.21
2017-09-03,2017,09,Sun,03,245,1504396800,1,no-bh,104.3,partly-cloudy-day,0.84,17.19,13.3,340.6,4.3,968.17,867.88
2017-09-04,2017,09,Mon,04,246,1504483200,0,no-bh,104.3,partly-cloudy-day,0.92,21.28,16.12,340.6,4.3,284.42,646.46
2017-09-05,2017,09,Tue,05,247,1504569600,0,no-bh,104.3,partly-cloudy-day,0.88,19.14,11.93,340.6,4.3,553.5,1153.75
2017-09-06,2017,09,Wed,06,248,1504656000,0,no-bh,104.3,partly-cloudy-day,0.73,17.93,11.25,340.6,4.3,490.29,1060.83
2017-09-07,2017,09,Thu,07,249,1504742400,0,no-bh,104.3,partly-cloudy-day,0.77,18.58,14.32,340.6,4.3,649.08,2114.08
2017-09-08,2017,09,Fri,08,250,1504828800,1,no-bh,104.3,partly-cloudy-day,0.86,17.41,10.11,340.6,4.3,901.96,3471.29
2017-09-09,2017,09,Sat,09,251,1504915200,1,no-bh,104.3,partly-cloudy-day,0.82,17.09,8.56,340.6,4.3,1129.17,4952.67
2017-09-10,2017,09,Sun,10,252,1505001600,1,no-bh,104.3,wind,0.87,16.37,11.13,340.6,4.3,747.21,612.63
2017-09-11,2017,09,Mon,11,253,1505088000,0,no-bh,104.3,wind,0.78,17.91,10.4,340.6,4.3,369.71,670.88
2017-09-12,2017,09,Tue,12,254,1505174400,0,no-bh,104.3,wind,0.78,17.46,12.53,340.6,4.3,514.71,882
2017-09-13,2017,09,Wed,13,255,1505260800,0,no-bh,104.3,wind,0.7,16.49,8.17,340.6,4.3,911,2700.12
2017-09-14,2017,09,Thu,14,256,1505347200,0,no-bh,104.3,partly-cloudy-day,0.77,16.36,7.41,340.6,4.3,592.92,2252.88
2017-09-15,2017,09,Fri,15,257,1505433600,1,no-bh,104.3,partly-cloudy-day,0.81,15.31,7.54,340.6,4.3,726.71,3163.71
2017-09-16,2017,09,Sat,16,258,1505520000,1,no-bh,104.3,partly-cloudy-day,0.86,14.14,8.63,340.6,4.3,347.96,862.25
2017-09-17,2017,09,Sun,17,259,1505606400,1,no-bh,104.3,partly-cloudy-day,0.85,15.83,10.68,340.6,4.3,1121.17,1653.08
2017-09-18,2017,09,Mon,18,260,1505692800,0,no-bh,104.3,partly-cloudy-day,0.82,15.74,8.84,340.6,4.3,344.17,694.58
2017-09-19,2017,09,Tue,19,261,1505779200,0,no-bh,104.3,partly-cloudy-day,0.83,14.78,9.08,340.6,4.3,124.58,623.75
2017-09-20,2017,09,Wed,20,262,1505865600,0,no-bh,104.3,partly-cloudy-day,0.85,16.71,13.36,340.6,4.3,639.17,1439.71
2017-09-21,2017,09,Thu,21,263,1505952000,0,no-bh,104.3,partly-cloudy-day,0.84,17.32,6.73,340.6,4.3,503.54,2981.92
2017-09-22,2017,09,Fri,22,264,1506038400,1,no-bh,104.3,partly-cloudy-day,0.79,17.57,12.03,340.6,4.3,803.33,2554.38
2017-09-23,2017,09,Sat,23,265,1506124800,1,no-bh,104.3,partly-cloudy-day,0.74,18.39,10.99,340.6,4.3,565.67,5599.38
2017-09-24,2017,09,Sun,24,266,1506211200,1,no-bh,104.3,partly-cloudy-day,0.76,21.1,14.69,340.6,4.3,886.38,1045.75
2017-09-25,2017,09,Mon,25,267,1506297600,0,no-bh,104.3,fog,0.88,17.62,13.58,340.6,4.3,442.92,615.79
2017-09-26,2017,09,Tue,26,268,1506384000,0,no-bh,104.3,fog,0.84,19.86,12.96,340.6,4.3,499.71,1133.46
2017-09-27,2017,09,Wed,27,269,1506470400,0,no-bh,104.3,fog,0.87,20.04,15.09,340.6,4.3,623.08,1515.33
2017-09-28,2017,09,Thu,28,270,1506556800,0,no-bh,104.3,partly-cloudy-day,0.85,19.37,13.16,340.6,4.3,432,2287.54
2017-09-29,2017,09,Fri,29,271,1506643200,1,no-bh,104.3,partly-cloudy-day,0.88,18.09,10.86,340.6,4.3,782.08,5593.5
2017-09-30,2017,09,Sat,30,272,1506729600,1,no-bh,104.3,partly-cloudy-day,0.83,16.09,13.58,340.6,4.3,409.17,2206.83
2017-10-01,2017,10,Sun,01,273,1506816000,1,no-bh,104.4,wind,0.91,17.15,13.76,344.9,0,1091.83,1166.13
2017-10-02,2017,10,Mon,02,274,1506902400,0,no-bh,104.4,wind,0.73,16.83,8.88,344.9,0,381.96,739.46
2017-10-03,2017,10,Tue,03,275,1506988800,0,no-bh,104.4,partly-cloudy-day,0.73,15.27,8.97,344.9,0,946.92,1302.71
2017-10-04,2017,10,Wed,04,276,1507075200,0,no-bh,104.4,wind,0.74,14.99,12.41,344.9,0,564.04,2023.54
2017-10-05,2017,10,Thu,05,277,1507161600,0,no-bh,104.4,wind,0.69,16.2,7.76,344.9,0,528.58,2291.58
2017-10-06,2017,10,Fri,06,278,1507248000,1,no-bh,104.4,partly-cloudy-day,0.73,14.63,9.66,344.9,0,466.92,3737.62
2017-10-07,2017,10,Sat,07,279,1507334400,1,no-bh,104.4,partly-cloudy-day,0.81,16.62,9.94,344.9,0,740.63,939.71
2017-10-08,2017,10,Sun,08,280,1507420800,1,no-bh,104.4,partly-cloudy-day,0.82,15.93,9.58,344.9,0,839.63,753.88
2017-10-09,2017,10,Mon,09,281,1507507200,0,no-bh,104.4,partly-cloudy-day,0.85,15.99,11.14,344.9,0,346.96,703.58
2017-10-10,2017,10,Tue,10,282,1507593600,0,no-bh,104.4,partly-cloudy-day,0.87,15.87,13.73,344.9,0,693.83,1283.92
2017-10-11,2017,10,Wed,11,283,1507680000,0,no-bh,104.4,wind,0.84,16.06,9.6,344.9,0,698.75,1544.71
2017-10-12,2017,10,Thu,12,284,1507766400,0,no-bh,104.4,partly-cloudy-day,0.8,16.6,11.23,344.9,0,890.33,2449.88
2017-10-13,2017,10,Fri,13,285,1507852800,1,no-bh,104.4,partly-cloudy-day,0.88,18.16,15.63,344.9,0,565.54,5095.29
2017-10-14,2017,10,Sat,14,286,1507939200,1,no-bh,104.4,partly-cloudy-day,0.85,19.03,11.67,344.9,0,780,5294.21
2017-10-15,2017,10,Sun,15,287,1508025600,1,no-bh,104.4,partly-cloudy-day,0.89,18.82,13.11,344.9,0,877.17,794.83
2017-10-16,2017,10,Mon,16,288,1508112000,0,no-bh,104.4,wind,0.81,21.51,10.39,344.9,0,251.5,610.04
2017-10-17,2017,10,Tue,17,289,1508198400,0,no-bh,104.4,partly-cloudy-day,0.74,13.98,10.55,344.9,0,347.33,1150.42
2017-10-18,2017,10,Wed,18,290,1508284800,0,no-bh,104.4,fog,0.9,14.89,14.39,344.9,0,907.75,2324.25
2017-10-19,2017,10,Thu,19,291,1508371200,0,no-bh,104.4,wind,0.93,16.72,12.12,344.9,0,516.96,2507.08
2017-10-20,2017,10,Fri,20,292,1508457600,1,no-bh,104.4,wind,0.81,14.15,12.32,344.9,0,830.88,4680.21
2017-10-21,2017,10,Sat,21,293,1508544000,1,no-bh,104.4,wind,0.81,14.61,9.35,344.9,0,490.96,1604.42
2017-10-22,2017,10,Sun,22,294,1508630400,1,no-bh,104.4,wind,0.73,13.17,9.81,344.9,0,794.79,1295.96
2017-10-23,2017,10,Mon,23,295,1508716800,0,no-bh,104.4,partly-cloudy-day,0.9,15.79,13.96,344.9,0,202.96,605.38
2017-10-24,2017,10,Tue,24,296,1508803200,0,no-bh,104.4,partly-cloudy-day,0.89,17.81,14.19,344.9,0,512.83,1065.75
2017-10-25,2017,10,Wed,25,297,1508889600,0,no-bh,104.4,partly-cloudy-day,0.8,17.76,8.98,344.9,0,702.38,2174.58
2017-10-26,2017,10,Thu,26,298,1508976000,0,no-bh,104.4,fog,0.96,15.35,8.19,344.9,0,737.88,2800.13
2017-10-27,2017,10,Fri,27,299,1509062400,1,no-bh,104.4,clear-day,0.8,13.68,5.62,344.9,0,875.33,4860.12
2017-10-28,2017,10,Sat,28,300,1509148800,1,no-bh,104.4,partly-cloudy-day,0.86,15.52,12.73,344.9,0,944.42,6266.83
2017-10-29,2017,10,Sun,29,301,1509235200,1,no-bh,104.4,partly-cloudy-day,0.73,13.88,2.91,344.9,0,1091.5,900.54
2017-10-30,2017,10,Mon,30,302,1509321600,0,no-bh,104.4,partly-cloudy-day,0.8,11.26,5.52,344.9,0,395.46,655.38
2017-10-31,2017,10,Tue,31,303,1509408000,0,no-bh,104.4,partly-cloudy-day,0.82,12.67,7.81,344.9,0,735.46,4271.17
2017-11-01,2017,11,Wed,01,304,1509494400,0,no-bh,104.7,partly-cloudy-day,0.84,14.94,4.26,346.2,0,668.75,1124.04
2017-11-02,2017,11,Thu,02,305,1509580800,0,no-bh,104.7,fog,0.91,12.36,6.77,346.2,0,707.71,2354.21
2017-11-03,2017,11,Fri,03,306,1509667200,1,no-bh,104.7,fog,0.9,13.51,10.12,346.2,0,956.58,5235.62
2017-11-04,2017,11,Sat,04,307,1509753600,1,no-bh,104.7,partly-cloudy-day,0.89,13.11,3.94,346.2,0,676.96,1965
2017-11-05,2017,11,Sun,05,308,1509840000,1,no-bh,104.7,partly-cloudy-day,0.8,9.46,0.21,346.2,0,1159.92,1670.96
2017-11-06,2017,11,Mon,06,309,1509926400,0,no-bh,104.7,partly-cloudy-night,0.84,10.74,5.97,346.2,0,347.5,743.54
2017-11-07,2017,11,Tue,07,310,1510012800,0,no-bh,104.7,partly-cloudy-day,0.86,11.09,5.66,346.2,0,485.54,632.54
2017-11-08,2017,11,Wed,08,311,1510099200,0,no-bh,104.7,partly-cloudy-day,0.83,9.03,1.9,346.2,0,1148.21,2871.96
2017-11-09,2017,11,Thu,09,312,1510185600,0,no-bh,104.7,partly-cloudy-day,0.88,12.77,8.39,346.2,0,484.33,2640.21
2017-11-10,2017,11,Fri,10,313,1510272000,1,no-bh,104.7,partly-cloudy-day,0.72,11.78,7.03,346.2,0,906.08,4629.25
2017-11-11,2017,11,Sat,11,314,1510358400,1,no-bh,104.7,partly-cloudy-day,0.93,9.28,6.17,346.2,0,1146.17,3147.67
2017-11-12,2017,11,Sun,12,315,1510444800,1,no-bh,104.7,partly-cloudy-day,0.77,7.66,1.87,346.2,0,1217.96,1153.46
2017-11-13,2017,11,Mon,13,316,1510531200,0,no-bh,104.7,partly-cloudy-night,0.75,6.99,3.72,346.2,0,236.92,710
2017-11-14,2017,11,Tue,14,317,1510617600,0,no-bh,104.7,partly-cloudy-day,0.85,11.08,9.64,346.2,0,368.17,1034.92
2017-11-15,2017,11,Wed,15,318,1510704000,0,no-bh,104.7,fog,0.95,11.72,9.45,346.2,0,559,1617.75
2017-11-16,2017,11,Thu,16,319,1510790400,0,no-bh,104.7,partly-cloudy-day,0.86,13.26,0.69,346.2,0,503.71,1856.33
2017-11-17,2017,11,Fri,17,320,1510876800,1,no-bh,104.7,partly-cloudy-day,0.8,8.77,3.83,346.2,0,709.29,3244.5
2017-11-18,2017,11,Sat,18,321,1510963200,1,no-bh,104.7,partly-cloudy-day,0.87,8.53,2.68,346.2,0,1108.71,5893
2017-11-19,2017,11,Sun,19,322,1511049600,1,no-bh,104.7,partly-cloudy-night,0.82,7.57,3.67,346.2,0,706.79,1090.38
2017-11-20,2017,11,Mon,20,323,1511136000,0,no-bh,104.7,cloudy,0.89,12.47,11.68,346.2,0,364.71,633.75
2017-11-21,2017,11,Tue,21,324,1511222400,0,no-bh,104.7,wind,0.84,13.17,13.11,346.2,0,400.21,1017.46
2017-11-22,2017,11,Wed,22,325,1511308800,0,no-bh,104.7,wind,0.74,14.42,9.78,346.2,0,816.04,1271.83
2017-11-23,2017,11,Thu,23,326,1511395200,0,no-bh,104.7,wind,0.71,12.07,5.5,346.2,0,428.71,1731.17
2017-11-24,2017,11,Fri,24,327,1511481600,1,no-bh,104.7,partly-cloudy-day,0.81,7.52,-0.32,346.2,0,825.29,3208.5
2017-11-25,2017,11,Sat,25,328,1511568000,1,no-bh,104.7,partly-cloudy-day,0.82,6.62,2.27,346.2,0,361.58,6116.04
2017-11-26,2017,11,Sun,26,329,1511654400,1,no-bh,104.7,cloudy,0.8,7.23,3.79,346.2,0,969.08,951.04
2017-11-27,2017,11,Mon,27,330,1511740800,0,no-bh,104.7,wind,0.83,9.77,3.33,346.2,0,294.08,675.17
2017-11-28,2017,11,Tue,28,331,1511827200,0,no-bh,104.7,partly-cloudy-night,0.81,6.23,1.91,346.2,0,708.13,1970.58
2017-11-29,2017,11,Wed,29,332,1511913600,0,no-bh,104.7,partly-cloudy-day,0.82,5.52,-0.45,346.2,0,444.58,1760.17
2017-11-30,2017,11,Thu,30,333,1512000000,0,no-bh,104.7,partly-cloudy-night,0.74,3.26,2.37,346.2,0,520.83,2095.67
2017-12-01,2017,12,Fri,01,334,1512086400,1,no-bh,104.7,partly-cloudy-day,0.81,6.17,2.73,347.3,0,767.42,2942.83
2017-12-02,2017,12,Sat,02,335,1512172800,1,no-bh,104.7,partly-cloudy-day,0.85,5.85,5.42,347.3,0,991.5,2433.5
2017-12-03,2017,12,Sun,03,336,1512259200,1,no-bh,104.7,partly-cloudy-day,0.92,9.69,4.29,347.3,0,1049.58,882
2017-12-04,2017,12,Mon,04,337,1512345600,0,no-bh,104.7,partly-cloudy-night,0.86,9.1,7.22,347.3,0,368.92,465.08
2017-12-05,2017,12,Tue,05,338,1512432000,0,no-bh,104.7,cloudy,0.78,8.16,8.01,347.3,0,823.33,1672.63
2017-12-06,2017,12,Wed,06,339,1512518400,0,no-bh,104.7,wind,0.74,10.37,8.87,347.3,0,513.63,2149.83
2017-12-07,2017,12,Thu,07,340,1512604800,0,no-bh,104.7,wind,0.83,11.57,2.42,347.3,0,1162.08,5209.92
2017-12-08,2017,12,Fri,08,341,1512691200,1,no-bh,104.7,partly-cloudy-night,0.75,3.91,-1.03,347.3,0,1094.83,3893.58
2017-12-09,2017,12,Sat,09,342,1512777600,1,no-bh,104.7,partly-cloudy-day,0.81,3.28,0.29,347.3,0,544.83,7703.96
2017-12-10,2017,12,Sun,10,343,1512864000,1,no-bh,104.7,cloudy,0.93,2.21,0.95,347.3,0,948.63,995.25
2017-12-11,2017,12,Mon,11,344,1512950400,0,no-bh,104.7,partly-cloudy-day,0.9,2.61,-2.99,347.3,0,469.83,598.88
2017-12-12,2017,12,Tue,12,345,1513036800,0,no-bh,104.7,partly-cloudy-night,0.86,3.26,3.44,347.3,0,655.21,2095.42
2017-12-13,2017,12,Wed,13,346,1513123200,0,no-bh,104.7,wind,0.9,8.57,3.15,347.3,0,456.08,1388.67
2017-12-14,2017,12,Thu,14,347,1513209600,0,no-bh,104.7,wind,0.82,5.82,2.33,347.3,0,1643.92,2738.42
2017-12-15,2017,12,Fri,15,348,1513296000,1,no-bh,104.7,partly-cloudy-day,0.86,5.16,-0.02,347.3,0,1816.46,3168.92
2017-12-16,2017,12,Sat,16,349,1513382400,1,no-bh,104.7,partly-cloudy-day,0.85,4.69,-0.17,347.3,0,481.21,2466.71
2017-12-17,2017,12,Sun,17,350,1513468800,1,no-bh,104.7,partly-cloudy-day,0.95,8.62,2.1,347.3,0,953.63,2137.92
2017-12-18,2017,12,Mon,18,351,1513555200,0,no-bh,104.7,fog,0.87,6.83,-0.1,347.3,0,422.13,1171.54
2017-12-19,2017,12,Tue,19,352,1513641600,0,no-bh,104.7,fog,0.92,7.08,6.86,347.3,0,1284.54,1885.17
2017-12-20,2017,12,Wed,20,353,1513728000,0,no-bh,104.7,fog,0.97,10.21,9.81,347.3,0,1357.79,3013.08
2017-12-21,2017,12,Thu,21,354,1513814400,0,no-bh,104.7,fog,0.93,11.53,9.04,347.3,0,750.17,2868.42
2017-12-22,2017,12,Fri,22,355,1513900800,1,no-bh,104.7,partly-cloudy-day,0.92,11.46,8.82,347.3,0,911.46,4103.17
2017-12-23,2017,12,Sat,23,356,1513987200,1,no-bh,104.7,cloudy,0.92,9.12,7.97,347.3,0,636.33,2620.37
2017-12-24,2017,12,Sun,24,357,1514073600,1,no-bh,104.7,partly-cloudy-day,0.89,9.93,9.29,347.3,0,368.92,597.13
2017-12-26,2017,12,Tue,26,359,1514246400,0,bh,104.7,partly-cloudy-day,0.87,7.26,1.89,347.3,0,459.58,897.58
2017-12-27,2017,12,Wed,27,360,1514332800,0,no-bh,104.7,wind,0.87,3.16,-0.02,347.3,0,161.88,246.54
2017-12-28,2017,12,Thu,28,361,1514419200,0,no-bh,104.7,clear-day,0.84,4.68,-1.41,347.3,0,78.58,278.96
2017-12-29,2017,12,Fri,29,362,1514505600,1,no-bh,104.7,partly-cloudy-day,0.83,8.04,4.81,347.3,0,380.13,655.88
2017-12-30,2017,12,Sat,30,363,1514592000,1,no-bh,104.7,wind,0.81,13.32,9.07,347.3,0,339.29,750.75
2017-12-31,2017,12,Sun,31,364,1514678400,1,no-bh,104.7,wind,0.86,12.31,5.47,347.3,0,779.29,1576.83
2018-01-01,2018,01,Mon,01,0,1514764800,0,bh,104.7,partly-cloudy-day,0.8,7.04,4.01,0,0,527.63,709.37
2018-01-02,2018,01,Tue,02,1,1514851200,0,no-bh,104.7,wind,0.87,10.31,7.56,0,0,568.38,2310.67
2018-01-03,2018,01,Wed,03,2,1514937600,0,no-bh,104.7,wind,0.69,10.18,6.2,0,0,275.96,676.63
2018-01-04,2018,01,Thu,04,3,1515024000,0,no-bh,104.7,wind,0.81,12.39,5.38,0,0,498.29,990.33
2018-01-05,2018,01,Fri,05,4,1515110400,1,no-bh,104.7,partly-cloudy-day,0.83,8.29,1.69,0,0,485.71,2695.12
2018-01-06,2018,01,Sat,06,5,1515196800,1,no-bh,104.7,partly-cloudy-day,0.89,5.19,2.23,0,0,498.79,6723.58
2018-01-07,2018,01,Sun,07,6,1515283200,1,no-bh,104.7,partly-cloudy-night,0.75,5.2,1.97,0,0,678.75,612.96
2018-01-08,2018,01,Mon,08,7,1515369600,0,no-bh,104.7,cloudy,0.87,4.49,3.94,0,0,163.17,345.38
2018-01-09,2018,01,Tue,09,8,1515456000,0,no-bh,104.7,fog,0.93,6.56,6.81,0,0,330.42,682.46
2018-01-10,2018,01,Wed,10,9,1515542400,0,no-bh,104.7,fog,0.91,9.23,3.59,0,0,469.58,1300.42
2018-01-11,2018,01,Thu,11,10,1515628800,0,no-bh,104.7,fog,0.94,6.97,5.74,0,0,558.25,1850.21
2018-01-12,2018,01,Fri,12,11,1515715200,1,no-bh,104.7,fog,0.91,7.07,5.02,0,0,389.92,3227.17
2018-01-13,2018,01,Sat,13,12,1515801600,1,no-bh,104.7,partly-cloudy-day,0.82,7.11,3.91,0,0,361.42,1178.67
2018-01-14,2018,01,Sun,14,13,1515888000,1,no-bh,104.7,partly-cloudy-day,0.77,6.06,4.51,0,0,783.67,1174.42
2018-01-15,2018,01,Mon,15,14,1515974400,0,no-bh,104.7,wind,0.86,10.6,5.29,0,0,239.17,434.75
2018-01-16,2018,01,Tue,16,15,1516060800,0,no-bh,104.7,wind,0.75,6.98,2.49,0,0,437,856.58
2018-01-17,2018,01,Wed,17,16,1516147200,0,no-bh,104.7,wind,0.7,7.13,5.37,0,0,653.38,1251.54
2018-01-18,2018,01,Thu,18,17,1516233600,0,no-bh,104.7,wind,0.72,8.36,0.87,0,0,465.63,2229.04
2018-01-19,2018,01,Fri,19,18,1516320000,1,no-bh,104.7,partly-cloudy-day,0.79,6.41,2.22,0,0,583.88,4962.88
2018-01-20,2018,01,Sat,20,19,1516406400,1,no-bh,104.7,cloudy,0.92,4.09,1.14,0,0,634.88,3334.79
2018-01-21,2018,01,Sun,21,20,1516492800,1,no-bh,104.7,fog,0.95,6.08,7.17,0,0,568.25,827.63
2018-01-22,2018,01,Mon,22,21,1516579200,0,no-bh,104.7,partly-cloudy-day,0.81,9.81,7.25,0,0,270.75,418.83
2018-01-23,2018,01,Tue,23,22,1516665600,0,no-bh,104.7,wind,0.87,12.43,10.76,0,0,420.96,686.21
2018-01-24,2018,01,Wed,24,23,1516752000,0,no-bh,104.7,wind,0.89,12.7,6.22,0,0,708.83,1681.33
2018-01-25,2018,01,Thu,25,24,1516838400,0,no-bh,104.7,partly-cloudy-day,0.81,9.54,2.32,0,0,538.29,1672.71
2018-01-26,2018,01,Fri,26,25,1516924800,1,no-bh,104.7,partly-cloudy-day,0.87,7.3,2.98,0,0,544.38,4338.25
2018-01-27,2018,01,Sat,27,26,1517011200,1,no-bh,104.7,partly-cloudy-day,0.89,9.77,9.21,0,0,557.75,2373.21
2018-01-28,2018,01,Sun,28,27,1517097600,1,no-bh,104.7,wind,0.85,12.73,10.33,0,0,822.42,1750.33
2018-01-29,2018,01,Mon,29,28,1517184000,0,no-bh,104.7,wind,0.78,11.65,-0.41,0,0,191.08,589.46
2018-01-30,2018,01,Tue,30,29,1517270400,0,no-bh,104.7,wind,0.86,8.02,6.86,0,0,709.79,1706.83
2018-01-31,2018,01,Wed,31,30,1517356800,0,no-bh,104.7,partly-cloudy-day,0.8,8.17,2.57,0,0,809.79,2208.42
2018-02-01,2018,02,Thu,01,31,1517443200,0,no-bh,104.7,partly-cloudy-day,0.74,6.87,3.66,0,0,609.42,2291.38
2018-02-02,2018,02,Fri,02,32,1517529600,1,no-bh,104.7,partly-cloudy-day,0.74,6.82,3.06,0,0,577.5,4675.63
2018-02-03,2018,02,Sat,03,33,1517616000,1,no-bh,104.7,partly-cloudy-day,0.88,3.85,2.16,0,0,818,8012.92
